rollout/ep_len_mean,rollout/ep_rew_mean,time/fps,time/total_timesteps,time/iterations,time/time_elapsed,train/explained_variance,train/approx_kl,train/clip_fraction,train/entropy_loss,train/clip_range,train/value_loss,train/learning_rate,train/n_updates,train/loss,train/policy_gradient_loss
9.37037037037037,56.55511296296295,3,256,1,80,,,,,,,,,,
9.660377358490566,73.83965149056603,3,512,2,162,-0.0019136667,0.008166603,0.0328125,-2.7689580619335175,0.2,4735.076281738281,0.0003,10,2063.741943359375,-0.024718761234544216
10.2,77.89018988,3,768,3,247,0.013484597,0.010702439,0.04453125,-2.751188540458679,0.2,4110.214978027344,0.0003,20,1624.93212890625,-0.023284533992409706
10.463917525773196,87.11299010309278,3,1024,4,332,0.010149717,0.006855671,0.012109375,-2.7242172956466675,0.2,6733.411596679687,0.0003,30,3454.6611328125,-0.01638039047829807
11.0,100.42332604000003,3,1280,5,417,0.03290105,0.009913008,0.048828125,-2.6917842745780947,0.2,3929.053576660156,0.0003,40,1858.40771484375,-0.020199468941427767
11.44,109.47985389999998,3,1536,6,502,0.04481995,0.011813275,0.06015625,-2.6315746366977693,0.2,3527.79860534668,0.0003,50,2023.48681640625,-0.022435974143445492
12.05,117.34858389000003,3,1792,7,585,0.052607358,0.009146579,0.033203125,-2.581371945142746,0.2,2880.3808624267576,0.0003,60,1978.0302734375,-0.016773381852544844
12.21,118.27749117999998,3,2048,8,670,0.024565876,0.0038158784,0.008984375,-2.547748589515686,0.2,4227.836431884765,0.0003,70,2860.67919921875,-0.009801551373675466
12.31,116.82961499000001,3,2304,9,754,0.029130936,0.006259543,0.0140625,-2.5175301492214204,0.2,6123.013885498047,0.0003,80,3121.787353515625,-0.01608089287765324
12.76,120.39858720000002,3,2560,10,837,0.086257696,0.0030090024,0.0,-2.4919384598731993,0.2,3716.8643432617187,0.0003,90,2757.720947265625,-0.007645384455099702
13.16,122.16937994000001,3,2816,11,921,0.08156818,0.011413448,0.04765625,-2.4482771933078764,0.2,3339.046517944336,0.0003,100,837.7955322265625,-0.017860184819437564
13.44,128.02137408000002,3,3072,12,1005,0.10463953,0.007226411,0.008203125,-2.372354769706726,0.2,3691.4650695800783,0.0003,110,2588.680908203125,-0.010049529117532074
13.37,136.85109525999997,3,3328,13,1085,0.14852184,0.0072628716,0.0203125,-2.3491482853889467,0.2,2855.32568359375,0.0003,120,927.5353393554688,-0.00782240303233266
13.57,142.2020552,3,3584,14,1160,0.13956994,0.018773872,0.1296875,-2.3848018407821656,0.2,2811.3520263671876,0.0003,130,1984.7987060546875,-0.02696441696025431
13.75,146.02409365,3,3840,15,1239,0.14935905,0.019107684,0.196484375,-2.3007395207881927,0.2,2340.768997192383,0.0003,140,1039.6326904296875,-0.021565732546150684
14.06,147.46886761,3,4096,16,1316,0.16626668,0.009922289,0.026171875,-2.300597256422043,0.2,2105.1641052246096,0.0003,150,628.036376953125,-0.014192301733419298
13.97,146.98382981,3,4352,17,1393,0.12654537,0.0070223515,0.014453125,-2.2536384046077726,0.2,2415.235485839844,0.0003,160,1351.5887451171875,-0.010901763406582176
14.1,148.15872272999997,3,4608,18,1469,0.21499348,0.011334576,0.053125,-2.1913560152053835,0.2,2257.232015991211,0.0003,170,1539.6790771484375,-0.016579732904210685
14.33,145.93763013,3,4864,19,1549,0.2102344,0.007062788,0.019921875,-2.189986950159073,0.2,2162.6975128173826,0.0003,180,917.5017700195312,-0.008146383031271399
14.62,146.46447267,3,5120,20,1633,0.1368429,0.003869453,0.001953125,-2.184001111984253,0.2,3147.2519775390624,0.0003,190,1570.14306640625,-0.004646944813430309
14.41,146.66616126000002,3,5376,21,1714,0.19074285,0.0016003144,0.0,-2.1534256041049957,0.2,2536.8060638427733,0.0003,200,1254.6270751953125,-0.00555170914158225
14.35,149.31725264,3,5632,22,1797,0.21890217,0.014094621,0.06796875,-2.117465782165527,0.2,2349.5702209472656,0.0003,210,1416.1912841796875,-0.013375646620988845
14.43,151.03363091000003,3,5888,23,1880,0.21707493,0.011057557,0.075,-2.088300943374634,0.2,1826.3852828979493,0.0003,220,1252.673095703125,-0.016484754718840124
14.45,153.06535577,3,6144,24,1962,0.23634493,0.004544219,0.007421875,-2.088108229637146,0.2,2158.289877319336,0.0003,230,654.346923828125,-0.00725976109970361
14.4,155.43772838999996,3,6400,25,2041,0.22553968,0.015643595,0.071484375,-2.050775316357613,0.2,1971.407405090332,0.0003,240,1462.2755126953125,-0.015533723076805473
14.35,158.69805227999998,3,6656,26,2122,0.24466497,0.0029786343,0.00703125,-2.0372692942619324,0.2,1838.2685897827148,0.0003,250,1267.054931640625,-0.005344932852312923
14.46,158.75354579,3,6912,27,2204,0.2329343,0.009106793,0.015234375,-2.00457404255867,0.2,2460.6726623535155,0.0003,260,932.5484619140625,-0.010364254051819444
14.48,159.07006988,3,7168,28,2287,0.276573,0.015632385,0.066796875,-2.018108582496643,0.2,1913.7609664916993,0.0003,270,1158.4368896484375,-0.014177614497020841
14.48,159.12972552000002,3,7424,29,2366,0.29196942,0.016304707,0.105078125,-1.95896415412426,0.2,2016.2247406005858,0.0003,280,1117.029541015625,-0.017847840720787645
14.64,159.42547382000004,3,7680,30,2446,0.31434542,0.014371769,0.086328125,-1.8161388903856277,0.2,2180.8511627197267,0.0003,290,1763.788818359375,-0.016601741267368197
14.64,160.14461303,3,7936,31,2528,0.30513847,0.0020731706,0.00390625,-1.7617502361536026,0.2,2455.3196868896484,0.0003,300,1238.1834716796875,-0.005763241369277239
14.92,163.42139905,3,8192,32,2607,0.30886316,0.014326126,0.0625,-1.725078609585762,0.2,2461.9972137451173,0.0003,310,587.7001953125,-0.009039899613708258
14.92,164.38597265,3,8448,33,2687,0.27762634,0.0035069599,0.01484375,-1.5962058633565903,0.2,2379.072717285156,0.0003,320,787.86181640625,-0.005513731623068452
15.0,165.67449276,3,8704,34,2768,0.30719066,0.0063999537,0.021484375,-1.5701904505491258,0.2,2352.986447143555,0.0003,330,1239.198974609375,-0.0054514924297109245
15.0,166.23215109,3,8960,35,2849,0.32337368,0.009017644,0.005859375,-1.5193803161382675,0.2,2767.0004486083985,0.0003,340,1520.3902587890625,-0.008332227496430278
15.0,166.9157964,3,9216,36,2932,0.3314395,0.0181216,0.123828125,-1.3764604121446609,0.2,2705.901641845703,0.0003,350,1319.299072265625,-0.017247505998238922
15.0,167.32079493999998,3,9472,37,3011,0.36507082,0.0062398408,0.03671875,-1.26746526658535,0.2,2848.9330505371095,0.0003,360,1172.0330810546875,-0.013024440500885248
15.0,165.98018444000002,3,9728,38,3092,0.3648094,0.007248928,0.068359375,-1.2404659748077393,0.2,2409.82607421875,0.0003,370,908.2594604492188,-0.010026891040615738
15.0,166.20419618,3,9984,39,3174,0.3730083,0.0063839415,0.08046875,-1.3000813573598862,0.2,1898.953678894043,0.0003,380,1387.4959716796875,-0.013916572043672203
14.99,165.77151249000002,3,10240,40,3253,0.3844837,0.015674468,0.158203125,-1.3208994388580322,0.2,1951.463430786133,0.0003,390,747.469970703125,-0.014364803140051664
14.99,165.46871528,3,10496,41,3335,0.36222827,0.015722165,0.1296875,-1.3224973291158677,0.2,1764.520736694336,0.0003,400,1161.25,-0.011137595702894031
14.99,165.40061533,3,10752,42,3416,0.38974506,0.008749697,0.009765625,-1.333445981144905,0.2,1978.8599945068358,0.0003,410,981.46044921875,-0.008434208249673248
14.99,165.25898910999996,3,11008,43,3497,0.39296287,0.009599669,0.006640625,-1.289784836769104,0.2,1972.1654739379883,0.0003,420,586.0878295898438,-0.00559927336871624
14.99,166.60347636999998,3,11264,44,3579,0.40920442,0.002703963,0.00390625,-1.2133449077606202,0.2,2198.409310913086,0.0003,430,927.59716796875,-0.0026376164751127362
14.96,166.88197624,3,11520,45,3661,0.42737722,0.0021465032,0.0,-1.187910133600235,0.2,2705.8968292236327,0.0003,440,1511.527099609375,-0.0033889159793034198
14.97,167.28023762,3,11776,46,3739,0.4208308,0.009920255,0.062890625,-1.228461077809334,0.2,2063.339291381836,0.0003,450,727.2899780273438,-0.011475783353671432
14.97,168.08903465,3,12032,47,3820,0.42821723,0.003045331,0.022265625,-1.3049166947603226,0.2,2245.5099334716797,0.0003,460,896.7166748046875,-0.004144044639542699
14.97,168.89668197,3,12288,48,3903,0.43287164,0.0044446355,0.03125,-1.279996195435524,0.2,2385.7495025634767,0.0003,470,1305.6878662109375,-0.009013838833197951
14.97,169.03338615000004,2,12544,49,4285,0.42713237,0.010100329,0.021484375,-1.3337618499994277,0.2,1975.5238342285156,0.0003,480,955.98779296875,-0.006651612697169185
14.97,169.57430931999997,2,12800,50,4329,0.42459124,0.0031220166,0.012890625,-1.3577782720327378,0.2,1975.4291687011719,0.0003,490,1139.2335205078125,-0.004307724675163627
15.0,170.75770468000002,2,13056,51,4416,0.44319642,0.0015885979,0.0,-1.3685980886220932,0.2,1986.7978393554688,0.0003,500,716.631591796875,-0.0028579638805240394
15.0,171.79290102000002,2,13312,52,4510,0.42013645,0.0016856056,0.002734375,-1.361723753809929,0.2,1972.914094543457,0.0003,510,437.8965759277344,-0.0032147734425961973
15.0,172.12745600000002,2,13568,53,4606,0.4414822,0.006676317,0.05703125,-1.3917395234107972,0.2,1898.1823455810547,0.0003,520,1104.997802734375,-0.006606245320290327
15.0,172.66040807,2,13824,54,4699,0.452363,0.013980892,0.06484375,-1.4421054601669312,0.2,1537.2947540283203,0.0003,530,839.6622314453125,-0.010895565059036017
15.0,173.86749102000002,2,14080,55,4791,0.43610877,0.013867129,0.09140625,-1.4589974135160446,0.2,1829.600146484375,0.0003,540,1189.1279296875,-0.01638533906079829
14.95,172.90840584999998,2,14336,56,4887,0.45903957,0.0144043835,0.07109375,-1.4790285527706146,0.2,1603.4019912719727,0.0003,550,720.52880859375,-0.014955246914178133
14.95,172.81018001999996,2,14592,57,4980,0.34623337,0.0018307369,0.00234375,-1.4784645766019822,0.2,1953.1059860229493,0.0003,560,1371.0196533203125,-0.0033385367598384617
14.95,173.15422628,2,14848,58,5072,0.45993257,0.005308279,0.027734375,-1.4965392410755158,0.2,1668.6050247192384,0.0003,570,597.7169189453125,-0.005952470423653722
14.86,173.16101009000002,2,15104,59,5159,0.4458536,0.002601066,0.0015625,-1.4287859439849853,0.2,1739.54892578125,0.0003,580,1143.9051513671875,-0.003026073216460645
14.74,173.03568947000002,2,15360,60,5241,0.45699805,0.011389778,0.10390625,-1.4541532427072525,0.2,1375.6094261169433,0.0003,590,680.9143676757812,-0.018241302482783793
14.74,172.90116729000002,2,15616,61,5321,0.46337575,0.0032801274,0.003125,-1.4096664428710937,0.2,1638.0865341186523,0.0003,600,1180.319091796875,-0.001926687266677618
14.79,174.62306921999996,2,15872,62,5401,0.45726144,0.020855349,0.0921875,-1.347603541612625,0.2,1274.6377769470214,0.0003,610,377.2608337402344,-0.012915451731532811
14.79,174.05658693,2,16128,63,5481,0.45636046,0.009153716,0.05546875,-1.3132564276456833,0.2,1277.3349685668945,0.0003,620,461.36944580078125,-0.008419023547321557
14.79,173.34027520000004,2,16384,64,5563,0.40274262,0.0010657231,0.00390625,-1.2882238239049912,0.2,1181.9007202148437,0.0003,630,508.8354797363281,-0.0024126579519361258
14.86,173.73524156000002,2,16640,65,5646,0.45873654,0.004219047,0.016015625,-1.3464788347482681,0.2,1145.0885818481445,0.0003,640,659.3755493164062,-0.0037734085693955422
14.98,173.61956462000006,2,16896,66,5728,0.4244961,0.00033819862,0.0,-1.2998951107263566,0.2,1339.2331710815429,0.0003,650,537.99755859375,-0.0011343090794980527
14.91,173.68952517000002,2,17152,67,5808,0.45181906,0.009985052,0.0265625,-1.3555382430553435,0.2,1154.269271850586,0.0003,660,440.8498840332031,-0.008801808976568282
14.8,171.43117532999997,2,17408,68,5889,0.46958357,0.0035166459,0.000390625,-1.4234981477260589,0.2,1303.3350799560546,0.0003,670,694.4343872070312,-0.003635063604451716
14.69,172.08209146000002,2,17664,69,5971,0.34884006,0.00050448,0.0,-1.394522026181221,0.2,1659.9881408691406,0.0003,680,645.2258911132812,-0.0019652035320177675
14.69,173.28076901000003,2,17920,70,6052,0.47566652,0.035844725,0.2515625,-1.3248198211193085,0.2,1134.7221042633057,0.0003,690,568.937744140625,-0.02109012524597347
14.71,172.72029356999997,2,18176,71,6134,0.462322,0.0017182413,0.0,-1.1815015435218812,0.2,1173.9617584228515,0.0003,700,773.44580078125,-0.002587707666680217
14.68,173.25408470000002,2,18432,72,6215,0.40839106,0.0022502393,0.000390625,-1.2238407254219055,0.2,1262.9370567321778,0.0003,710,690.3096313476562,-0.002487380988895893
14.68,173.88618626999997,2,18688,73,6295,0.44886523,0.0009775907,0.0,-1.2906901061534881,0.2,1141.896388244629,0.0003,720,988.5989990234375,-0.0012735979631543159
14.66,175.73796735999997,2,18944,74,6377,0.49210775,0.0026327097,0.0,-1.2463305085897445,0.2,1084.2643112182618,0.0003,730,262.5608215332031,-0.003438836056739092
14.77,175.60120644000003,2,19200,75,6458,0.41951948,0.0022754222,0.018359375,-1.2573178499937057,0.2,1206.0283988952638,0.0003,740,584.3963012695312,-0.002662076149135828
14.77,175.65371611000003,2,19456,76,6539,0.44658393,0.008829922,0.048828125,-1.3459930390119552,0.2,1111.2569770812988,0.0003,750,256.3044738769531,-0.004995532426983118
14.85,176.89254422,2,19712,77,6620,0.47875184,0.004313034,0.003515625,-1.355135154724121,0.2,1100.7934280395507,0.0003,760,733.9500732421875,-0.001354693342000246
14.85,177.16181038,2,19968,78,6700,0.49003768,0.007699727,0.03125,-1.4313289910554885,0.2,1192.5305294036866,0.0003,770,561.05859375,-0.005319037428125739
14.85,174.94785602,2,20224,79,6781,0.50185335,0.005180722,0.004296875,-1.482005164027214,0.2,1183.1633697509765,0.0003,780,703.5067749023438,-0.0025438209064304828
14.98,176.23900515999998,2,20480,80,6862,0.30835992,0.002253915,0.0015625,-1.4951872527599335,0.2,2267.568438720703,0.0003,790,1198.2265625,-0.004847358644474298
14.98,176.75567452999996,2,20736,81,6946,0.51256347,0.0020241176,0.00078125,-1.49223091006279,0.2,1094.8692359924316,0.0003,800,606.887451171875,-0.002838021004572511
14.98,176.44609842000003,2,20992,82,7029,0.5069988,0.0036571748,0.0,-1.4629071474075317,0.2,1237.5860504150392,0.0003,810,494.5527648925781,-0.0036505830008536576
15.0,176.16398541,2,21248,83,7113,0.5108509,0.0054260194,0.00703125,-1.4387579023838044,0.2,1107.068081665039,0.0003,820,564.7643432617188,-0.0023056795820593835
15.0,175.85968988999997,2,21504,84,7197,0.4763767,0.0034099622,0.0296875,-1.3585046738386155,0.2,1131.3813491821288,0.0003,830,672.92041015625,-0.003057849081233144
15.0,177.56604143999996,2,21760,85,7282,0.49365968,0.0020593859,0.002734375,-1.4005000293254852,0.2,1082.9364105224608,0.0003,840,450.68902587890625,-0.0016937388572841883
15.0,177.36989946000003,2,22016,86,7366,0.4955427,0.0073333136,0.012109375,-1.381960928440094,0.2,1116.1311592102052,0.0003,850,396.74591064453125,-0.004587232973426581
15.0,176.91667066999997,2,22272,87,7451,0.47753602,0.0016603305,0.0,-1.3040704995393753,0.2,1068.6074928283692,0.0003,860,370.79791259765625,-0.001340574026107788
14.91,174.73617684,2,22528,88,7535,0.5203599,0.0014312838,0.001953125,-1.3314018666744232,0.2,1140.9353950500488,0.0003,870,891.9981689453125,-0.002761305822059512
14.91,174.46260071,2,22784,89,7619,0.297728,0.0016492901,0.006640625,-1.345377790927887,0.2,2077.415271759033,0.0003,880,591.6450805664062,-0.0022821660619229077
14.91,174.44479846,2,23040,90,7702,0.54890734,0.00681048,0.026171875,-1.3615005612373352,0.2,962.7692253112793,0.0003,890,313.6706237792969,-0.00413328199647367
14.91,174.89486831,2,23296,91,7784,0.51070416,0.0046312073,0.016796875,-1.2666669577360152,0.2,1166.7293842315673,0.0003,900,554.449462890625,-0.0036740868352353575
14.91,174.97210903000004,2,23552,92,7866,0.5120225,0.0020314422,0.03046875,-1.2785200029611588,0.2,1058.2932495117188,0.0003,910,149.62001037597656,-0.002522600255906582
14.91,174.42616551,2,23808,93,7949,0.4636085,0.0073289894,0.02734375,-1.3156492799520492,0.2,1139.119260406494,0.0003,920,591.5398559570312,-0.0036127239000052214
15.0,177.17818279,2,24064,94,8031,0.5078156,0.0032474746,0.00390625,-1.382988950610161,0.2,1024.1490386962892,0.0003,930,1028.5130615234375,-0.0014349790988489985
14.87,176.72707893999998,2,24320,95,8114,0.5354161,0.0075733187,0.0515625,-1.3541144102811813,0.2,1118.063037109375,0.0003,940,624.3284301757812,-0.007598335016518831
14.87,176.76883324,2,24576,96,8197,0.49315512,0.00651868,0.028125,-1.3759800881147384,0.2,1123.2805503845216,0.0003,950,682.9810791015625,-0.0078118364326655865
14.87,176.88628616000003,2,24832,97,8279,0.5344032,0.0036842383,0.00625,-1.3682233840227127,0.2,1052.8941902160645,0.0003,960,603.9932861328125,-0.0015120406169444323
14.87,177.59080681999993,3,25088,98,8360,0.5266097,0.0026071975,0.004296875,-1.396134552359581,0.2,1049.312452697754,0.0003,970,345.5027770996094,-0.0016812015790492296
14.87,178.16239581,3,25344,99,8442,0.52787507,0.008817776,0.040625,-1.4063987016677857,0.2,996.2180355072021,0.0003,980,203.7206573486328,-0.0037022574804723265
14.77,178.69001608,3,25600,100,8525,0.5461835,0.013351519,0.064453125,-1.3877740025520324,0.2,1029.3635199546814,0.0003,990,231.58572387695312,-0.005119520286098122
14.89,178.70968688000002,3,25856,101,8608,0.5379579,0.010526912,0.036328125,-1.3199515223503113,0.2,1071.3995780944824,0.0003,1000,460.2532958984375,-0.007278106221929192
14.89,178.05143583999998,3,26112,102,8693,0.49583477,0.0065318244,0.013671875,-1.3138855576515198,0.2,1071.3005126953126,0.0003,1010,510.992919921875,-0.004295879555866122
14.89,175.50125186000002,3,26368,103,8778,0.5271038,0.0073090885,0.025,-1.4146629691123962,0.2,1064.5090469360352,0.0003,1020,603.3718872070312,-0.0066280963364988565
14.89,173.40558969999998,3,26624,104,8861,0.3710611,0.004072911,0.00234375,-1.4221831530332565,0.2,1841.1271011829376,0.0003,1030,988.6205444335938,-0.0034580685663968326
14.77,172.32882725,3,26880,105,8944,0.35271144,0.0039587067,0.00390625,-1.384090855717659,0.2,1898.815382385254,0.0003,1040,706.79638671875,-0.005288916057907045
14.87,171.77608510000005,3,27136,106,9028,0.5613924,0.005745399,0.041796875,-1.2990304827690125,0.2,935.4342025756836,0.0003,1050,752.1575927734375,-0.001372658833861351
14.88,172.51949422999994,3,27392,107,9109,0.5405852,0.0040675206,0.07109375,-1.2705060541629791,0.2,902.5919158935546,0.0003,1060,433.5553894042969,-0.005350695387460291
14.88,173.18143722999997,3,27648,108,9191,0.56631815,0.0061741835,0.069140625,-1.2707524567842483,0.2,955.1399635314941,0.0003,1070,111.37785339355469,-0.003185715014114976
14.88,177.65026703999996,3,27904,109,9273,0.5476359,0.0059790923,0.058984375,-1.2647243738174438,0.2,1099.1721519470216,0.0003,1080,550.5642700195312,-0.005424786498770118
14.75,178.43502308000004,3,28160,110,9355,0.57533735,0.013709865,0.06015625,-1.235777422785759,0.2,944.4263935089111,0.0003,1090,286.02032470703125,-0.00431632213294506
14.87,178.84620230000002,3,28416,111,9438,0.5581895,0.0036898074,0.023046875,-1.2254572957754135,0.2,1014.2977767944336,0.0003,1100,695.8245849609375,-0.0019120831508189439
14.87,179.40591833,3,28672,112,9519,0.52783024,0.010560276,0.049609375,-1.2677505284547805,0.2,942.6806663513183,0.0003,1110,471.8744201660156,-0.003080411767587066
14.76,179.13498735999997,3,28928,113,9602,0.5679125,0.0044117556,0.00078125,-1.2434306532144546,0.2,988.1224182128906,0.0003,1120,408.10089111328125,-0.002682372881099582
14.76,178.94992341,3,29184,114,9684,0.5833522,0.00564673,0.01015625,-1.2480847388505936,0.2,921.691121673584,0.0003,1130,528.220458984375,-0.0042135185096412895
14.76,179.07644516999997,3,29440,115,9767,0.58358705,0.016100701,0.10546875,-1.274050346016884,0.2,947.6308555603027,0.0003,1140,500.6567077636719,-0.008167865453287959
14.86,178.87577268,3,29696,116,9853,0.5822426,0.010404208,0.02421875,-1.200007712841034,0.2,918.751501083374,0.0003,1150,506.7196960449219,-0.0021526849828660487
14.86,178.8200851,3,29952,117,9939,0.5591699,0.005870278,0.025,-1.1600210666656494,0.2,883.9601974487305,0.0003,1160,282.3473815917969,-0.003887289809063077
14.86,178.59639430000004,3,30208,118,10021,0.59852993,0.012504826,0.049609375,-1.1974269777536393,0.2,835.4814601898194,0.0003,1170,387.9832458496094,-0.005848177708685398
